Workbook

Sheet Year 1
A1: Pipeline length [m] | B1: PT [bara] (PIPELINE) "C1-0.2032.ppl" | C1: Pipeline length [m] | D1: PT [bara] (PIPELINE) "C2-0.254.ppl" | E1: Pipeline length [m] | F1: PT [bara] (PIPELINE) "C3-0.3048.ppl" | G1: Pipeline length [m] | H1: PT [bara] (PIPELINE) "C4-0.3556.ppl" | I1: Pipeline length [m] | J1: PT [bara] (PIPELINE) "C5-0.4064.ppl"
A2: 25 | B2: 143.7314 | C2: 25 | D2: 86.110893 | E2: 25 | F2: 56.340408 | G2: 25 | H2: 45.188061 | I2: 25 | J2: 40.927769
A3: 75 | B3: 142.5126 | C3: 75 | D3: 85.571587 | E3: 75 | F3: 56.160069 | G3: 75 | H3: 45.101631 | I3: 75 | J3: 40.88533
A4: 125 | B4: 141.72169 | C4: 125 | D4: 85.219139 | E4: 125 | F4: 56.080109 | G4: 125 | H4: 45.072891 | I4: 125 | J4: 40.8787
A5: 175 | B5: 140.9308 | C5: 175 | D5: 84.865723 | E5: 175 | F5: 56.000149 | G5: 175 | H5: 45.044159 | I5: 175 | J5: 40.87207
A6: 225 | B6: 140.14 | C6: 225 | D6: 84.511192 | E6: 225 | F6: 55.920139 | G6: 225 | H6: 45.015419 | I6: 225 | J6: 40.86544
A7: 275 | B7: 139.3492 | C7: 275 | D7: 84.155533 | E7: 275 | F7: 55.840061 | G7: 275 | H7: 44.986671 | I7: 275 | J7: 40.85881
A8: 325 | B8: 138.5583 | C8: 325 | D8: 83.798721 | E8: 325 | F8: 55.75993 | G8: 325 | H8: 44.957901 | I8: 325 | J8: 40.85218
A9: 375 | B9: 137.7675 | C9: 375 | D9: 83.44075 | E9: 375 | F9: 55.679741 | G9: 375 | H9: 44.929119 | I9: 375 | J9: 40.845551
A10: 425 | B10: 136.9767 | C10: 425 | D10: 83.081619 | E10: 425 | F10: 55.599499 | G10: 425 | H10: 44.900318 | I10: 425 | J10: 40.838921
A11: 475 | B11: 136.18581 | C11: 475 | D11: 82.721291 | E11: 475 | F11: 55.519192 | G11: 475 | H11: 44.87146 | I11: 475 | J11: 40.832279
A12: 525 | B12: 135.395 | C12: 525 | D12: 82.359772 | E12: 525 | F12: 55.438831 | G12: 525 | H12: 44.82103 | I12: 525 | J12: 40.825649
A13: 575 | B13: 134.6042 | C13: 575 | D13: 81.99704 | E13: 575 | F13: 55.35841 | G13: 575 | H13: 44.77029 | I13: 575 | J13: 40.819012
... A122: 5205 | B122: 33.226292 | C122: 5205 | D122: 33.07539 | E122: 5205 | F122: 33.026749 | G122: 5205 | H122: 33.015709 | I122: 5205 | J122: 33.02137

Sheet Year 2
A1: Pipeline length [m] | B1: PT [bara] (PIPELINE) "C1-0.2032.ppl" | C1: Pipeline length [m] | D1: PT [bara] (PIPELINE) "C2-0.254.ppl" | E1: Pipeline length [m] | F1: PT [bara] (PIPELINE) "C3-0.3048.ppl" | G1: Pipeline length [m] | H1: PT [bara] (PIPELINE) "C4-0.3556.ppl" | I1: Pipeline length [m] | J1: PT [bara] (PIPELINE) "C5-0.4064.ppl"
A2: 25 | B2: 143.9248 | C2: 25 | D2: 86.358421 | E2: 25 | F2: 56.400681 | G2: 25 | H2: 45.096951 | I2: 25 | J2: 40.952179
A3: 75 | B3: 142.7092 | C3: 75 | D3: 85.817162 | E3: 75 | F3: 56.221519 | G3: 75 | H3: 45.01115 | I3: 75 | J3: 40.910118
A4: 125 | B4: 141.9212 | C4: 125 | D4: 85.462334 | E4: 125 | F4: 56.142399 | G4: 125 | H4: 44.982849 | I4: 125 | J4: 40.903751
A5: 175 | B5: 141.13319 | C5: 175 | D5: 85.106529 | E5: 175 | F5: 56.063271 | G5: 175 | H5: 44.954559 | I5: 175 | J5: 40.897381
A6: 225 | B6: 140.34531 | C6: 225 | D6: 84.749611 | E6: 225 | F6: 55.984089 | G6: 225 | H6: 44.926262 | I6: 225 | J6: 40.89101
A7: 275 | B7: 139.5573 | C7: 275 | D7: 84.391563 | E7: 275 | F7: 55.904861 | G7: 275 | H7: 44.897949 | I7: 275 | J7: 40.884628
A8: 325 | B8: 138.7693 | C8: 325 | D8: 84.032356 | E8: 325 | F8: 55.825569 | G8: 325 | H8: 44.869621 | I8: 325 | J8: 40.878262
A9: 375 | B9: 137.9814 | C9: 375 | D9: 83.671997 | E9: 375 | F9: 55.746231 | G9: 375 | H9: 44.841282 | I9: 375 | J9: 40.871891
A10: 425 | B10: 137.19341 | C10: 425 | D10: 83.310463 | E10: 425 | F10: 55.666828 | G10: 425 | H10: 44.812931 | I10: 425 | J10: 40.865509
A11: 475 | B11: 136.4054 | C11: 475 | D11: 82.947731 | E11: 475 | F11: 55.587372 | G11: 475 | H11: 44.784561 | I11: 475 | J11: 40.859138
A12: 525 | B12: 135.61749 | C12: 525 | D12: 82.583794 | E12: 525 | F12: 55.507858 | G12: 525 | H12: 44.756191 | I12: 525 | J12: 40.85276
A13: 575 | B13: 134.8295 | C13: 575 | D13: 82.218643 | E13: 575 | F13: 55.428291 | G13: 575 | H13: 44.727798 | I13: 575 | J13: 40.846378
... A122: 5205 | B122: 33.227001 | C122: 5205 | D122: 33.075241 | E122: 5205 | F122: 33.026772 | G122: 5205 | H122: 33.01685 | I122: 5205 | J122: 33.02216

Sheet Year 3
A1: Pipeline length [m] | B1: PT [bara] (PIPELINE) "C1-0.2032.ppl" | C1: Pipeline length [m] | D1: PT [bara] (PIPELINE) "C2-0.254.ppl" | E1: Pipeline length [m] | F1: PT [bara] (PIPELINE) "C3-0.3048.ppl" | G1: Pipeline length [m] | H1: PT [bara] (PIPELINE) "C4-0.3556.ppl" | I1: Pipeline length [m] | J1: PT [bara] (PIPELINE) "C5-0.4064.ppl"
A2: 25 | B2: 142.6834 | C2: 25 | D2: 86.490211 | E2: 25 | F2: 55.789139 | G2: 25 | H2: 44.722721 | I2: 25 | J2: 40.97826
A3: 75 | B3: 141.5107 | C3: 75 | D3: 85.950668 | E3: 75 | F3: 55.619339 | G3: 75 | H3: 44.642471 | I3: 75 | J3: 40.939091
A4: 125 | B4: 140.75281 | C4: 125 | D4: 85.591171 | E4: 125 | F4: 55.545712 | G4: 125 | H4: 44.61729 | I4: 125 | J4: 40.934261
A5: 175 | B5: 139.9948 | C5: 175 | D5: 85.230667 | E5: 175 | F5: 55.47208 | G5: 175 | H5: 44.592121 | I5: 175 | J5: 40.92944
A6: 225 | B6: 139.2368 | C6: 225 | D6: 84.869049 | E6: 225 | F6: 55.398399 | G6: 225 | H6: 44.56694 | I6: 225 | J6: 40.924622
A7: 275 | B7: 138.4789 | C7: 275 | D7: 84.506279 | E7: 275 | F7: 55.32468 | G7: 275 | H7: 44.541752 | I7: 275 | J7: 40.9198
A8: 325 | B8: 137.7209 | C8: 325 | D8: 84.142357 | E8: 325 | F8: 55.250912 | G8: 325 | H8: 44.516548 | I8: 325 | J8: 40.914982
A9: 375 | B9: 136.963 | C9: 375 | D9: 83.777267 | E9: 375 | F9: 55.177101 | G9: 375 | H9: 44.491341 | I9: 375 | J9: 40.91016
A10: 425 | B10: 136.20509 | C10: 425 | D10: 83.410988 | E10: 425 | F10: 55.103249 | G10: 425 | H10: 44.466122 | I10: 425 | J10: 40.905338
A11: 475 | B11: 135.4471 | C11: 475 | D11: 83.043518 | E11: 475 | F11: 55.02935 | G11: 475 | H11: 44.440891 | I11: 475 | J11: 40.900509
A12: 525 | B12: 134.68919 | C12: 525 | D12: 82.674828 | E12: 525 | F12: 54.95541 | G12: 525 | H12: 44.415649 | I12: 525 | J12: 40.895691
A13: 575 | B13: 133.9313 | C13: 575 | D13: 82.304909 | E13: 575 | F13: 54.88142 | G13: 575 | H13: 44.3904 | I13: 575 | J13: 40.890869
... A122: 5205 | B122: 33.225281 | C122: 5205 | D122: 33.07275 | E122: 5205 | F122: 33.026211 | G122: 5205 | H122: 33.021992 | I122: 5205 | J122: 33.002071

Sheet Year 4
A1: Pipeline length [m] | B1: PT [bara] (PIPELINE) "C1-0.2032.ppl" | C1: Pipeline length [m] | D1: PT [bara] (PIPELINE) "C2-0.254.ppl" | E1: Pipeline length [m] | F1: PT [bara] (PIPELINE) "C3-0.3048.ppl" | G1: Pipeline length [m] | H1: PT [bara] (PIPELINE) "C4-0.3556.ppl" | I1: Pipeline length [m] | J1: PT [bara] (PIPELINE) "C5-0.4064.ppl"
A2: 25 | B2: 144.2061 | C2: 25 | D2: 88.37458 | E2: 25 | F2: 53.87289 | G2: 25 | H2: 44.314461 | I2: 25 | J2: 41.144539
A3: 75 | B3: 143.0403 | C3: 75 | D3: 87.822723 | E3: 75 | F3: 53.70636 | G3: 75 | H3: 44.23716 | I3: 75 | J3: 41.106892
A4: 125 | B4: 142.2874 | C4: 125 | D4: 87.448418 | E4: 125 | F4: 53.635139 | G4: 125 | H4: 44.213921 | I4: 125 | J4: 41.103111
A5: 175 | B5: 141.5345 | C5: 175 | D5: 87.073059 | E5: 175 | F5: 53.563911 | G5: 175 | H5: 44.190701 | I5: 175 | J5: 41.099331
A6: 225 | B6: 140.7816 | C6: 225 | D6: 86.696541 | E6: 225 | F6: 53.492649 | G6: 225 | H6: 44.167461 | I6: 225 | J6: 41.095551
A7: 275 | B7: 140.0287 | C7: 275 | D7: 86.318848 | E7: 275 | F7: 53.421349 | G7: 275 | H7: 44.144218 | I7: 275 | J7: 41.09177
A8: 325 | B8: 139.2758 | C8: 325 | D8: 85.939957 | E8: 325 | F8: 53.349998 | G8: 325 | H8: 44.120972 | I8: 325 | J8: 41.08799
A9: 375 | B9: 138.5229 | C9: 375 | D9: 85.559883 | E9: 375 | F9: 53.278511 | G9: 375 | H9: 44.09771 | I9: 375 | J9: 41.084209
A10: 425 | B10: 137.77 | C10: 425 | D10: 85.178581 | E10: 425 | F10: 53.169128 | G10: 425 | H10: 44.074451 | I10: 425 | J10: 41.080429
A11: 475 | B11: 137.01711 | C11: 475 | D11: 84.796059 | E11: 475 | F11: 53.09763 | G11: 475 | H11: 44.05117 | I11: 475 | J11: 41.076649
A12: 525 | B12: 136.2643 | C12: 525 | D12: 84.4123 | E12: 525 | F12: 52.987942 | G12: 525 | H12: 44.027889 | I12: 525 | J12: 41.072868
A13: 575 | B13: 135.5114 | C13: 575 | D13: 84.027267 | E13: 575 | F13: 52.878208 | G13: 575 | H13: 44.004601 | I13: 575 | J13: 41.069092
... A122: 5205 | B122: 33.231548 | C122: 5205 | D122: 33.073471 | E122: 5205 | F122: 33.026852 | G122: 5205 | H122: 33.02462 | I122: 5205 | J122: 33.002258

Sheet Year 5
A1: Pipeline length [m] | B1: PT [bara] (PIPELINE) "C1-0.2032.ppl" | C1: Pipeline length [m] | D1: PT [bara] (PIPELINE) "C2-0.254.ppl" | E1: Pipeline length [m] | F1: PT [bara] (PIPELINE) "C3-0.3048.ppl" | G1: Pipeline length [m] | H1: PT [bara] (PIPELINE) "C4-0.3556.ppl" | I1: Pipeline length [m] | J1: PT [bara] (PIPELINE) "C5-0.4064.ppl"
A2: 25 | B2: 128.6765 | C2: 25 | D2: 72.920319 | E2: 25 | F2: 51.964481 | G2: 25 | H2: 43.996819 | I2: 25 | J2: 41.02483
A3: 75 | B3: 127.5441 | C3: 75 | D3: 72.467789 | E3: 75 | F3: 51.804241 | G3: 75 | H3: 43.92366 | I3: 75 | J3: 40.98912
A4: 125 | B4: 126.8129 | C4: 125 | D4: 72.195999 | E4: 125 | F4: 51.736271 | G4: 125 | H4: 43.902561 | I4: 125 | J4: 40.98629
A5: 175 | B5: 126.0816 | C5: 175 | D5: 71.923889 | E5: 175 | F5: 51.634289 | G5: 175 | H5: 43.881481 | I5: 175 | J5: 40.983459
A6: 225 | B6: 125.3504 | C6: 225 | D6: 71.651352 | E6: 225 | F6: 51.532558 | G6: 225 | H6: 43.860378 | I6: 225 | J6: 40.980629
A7: 275 | B7: 124.6192 | C7: 275 | D7: 71.37838 | E7: 275 | F7: 51.43071 | G7: 275 | H7: 43.839279 | I7: 275 | J7: 40.977791
A8: 325 | B8: 123.888 | C8: 325 | D8: 71.104958 | E8: 325 | F8: 51.32877 | G8: 325 | H8: 43.818169 | I8: 325 | J8: 40.97496
A9: 375 | B9: 123.1568 | C9: 375 | D9: 70.8311 | E9: 375 | F9: 51.226711 | G9: 375 | H9: 43.79705 | I9: 375 | J9: 40.97213
A10: 425 | B10: 122.4256 | C10: 425 | D10: 70.556793 | E10: 425 | F10: 51.124561 | G10: 425 | H10: 43.775928 | I10: 425 | J10: 40.969299
A11: 475 | B11: 121.6944 | C11: 475 | D11: 70.282028 | E11: 475 | F11: 51.022289 | G11: 475 | H11: 43.754799 | I11: 475 | J11: 40.966469
A12: 525 | B12: 120.9633 | C12: 525 | D12: 70.006813 | E12: 525 | F12: 50.919922 | G12: 525 | H12: 43.733669 | I12: 525 | J12: 40.963638
A13: 575 | B13: 120.2321 | C13: 575 | D13: 69.731133 | E13: 575 | F13: 50.817451 | G13: 575 | H13: 43.712521 | I13: 575 | J13: 40.960812
... A122: 5205 | B122: 33.1408 | C122: 5205 | D122: 33.04353 | E122: 5205 | F122: 33.012539 | G122: 5205 | H122: 33.025341 | I122: 5205 | J122: 33.001389

Sheet Year 6
A1: Pipeline length [m] | B1: PT [bara] (PIPELINE) "C1-0.2032.ppl" | C1: Pipeline length [m] | D1: PT [bara] (PIPELINE) "C2-0.254.ppl" | E1: Pipeline length [m] | F1: PT [bara] (PIPELINE) "C3-0.3048.ppl" | G1: Pipeline length [m] | H1: PT [bara] (PIPELINE) "C4-0.3556.ppl" | I1: Pipeline length [m] | J1: PT [bara] (PIPELINE) "C5-0.4064.ppl"
A2: 25 | B2: 127.4166 | C2: 25 | D2: 72.408607 | E2: 25 | F2: 51.543209 | G2: 25 | H2: 44.005199 | I2: 25 | J2: 40.850498
A3: 75 | B3: 126.2846 | C3: 75 | D3: 71.960121 | E3: 75 | F3: 51.384251 | G3: 75 | H3: 43.933182 | I3: 75 | J3: 40.815231
A4: 125 | B4: 125.5529 | C4: 125 | D4: 71.691887 | E4: 125 | F4: 51.317211 | G4: 125 | H4: 43.912819 | I4: 125 | J4: 40.812729
A5: 175 | B5: 124.8214 | C5: 175 | D5: 71.423363 | E5: 175 | F5: 51.250172 | G5: 175 | H5: 43.89246 | I5: 175 | J5: 40.810242
A6: 225 | B6: 124.0898 | C6: 225 | D6: 71.154427 | E6: 225 | F6: 51.18309 | G6: 225 | H6: 43.872101 | I6: 225 | J6: 40.807751
A7: 275 | B7: 123.3582 | C7: 275 | D7: 70.885078 | E7: 275 | F7: 51.115978 | G7: 275 | H7: 43.85173 | I7: 275 | J7: 40.80526
A8: 325 | B8: 122.6267 | C8: 325 | D8: 70.615334 | E8: 325 | F8: 51.04884 | G8: 325 | H8: 43.83136 | I8: 325 | J8: 40.802769
A9: 375 | B9: 121.8951 | C9: 375 | D9: 70.345154 | E9: 375 | F9: 50.98167 | G9: 375 | H9: 43.810982 | I9: 375 | J9: 40.800282
A10: 425 | B10: 121.1636 | C10: 425 | D10: 70.074562 | E10: 425 | F10: 50.914452 | G10: 425 | H10: 43.790588 | I10: 425 | J10: 40.797791
A11: 475 | B11: 120.4321 | C11: 475 | D11: 69.803543 | E11: 475 | F11: 50.84721 | G11: 475 | H11: 43.770199 | I11: 475 | J11: 40.7953
A12: 525 | B12: 119.7006 | C12: 525 | D12: 69.532082 | E12: 525 | F12: 50.779789 | G12: 525 | H12: 43.749802 | I12: 525 | J12: 40.792809
A13: 575 | B13: 118.9691 | C13: 575 | D13: 69.260201 | E13: 575 | F13: 50.678951 | G13: 575 | H13: 43.729389 | I13: 575 | J13: 40.790321
... A122: 5205 | B122: 33.135349 | C122: 5205 | D122: 33.041641 | E122: 5205 | F122: 33.01342 | G122: 5205 | H122: 33.02581 | I122: 5205 | J122: 33.0014

Sheet Year 7
A1: Pipeline length [m] | B1: PT [bara] (PIPELINE) "C1-0.2032.ppl" | C1: Pipeline length [m] | D1: PT [bara] (PIPELINE) "C2-0.254.ppl" | E1: Pipeline length [m] | F1: PT [bara] (PIPELINE) "C3-0.3048.ppl" | G1: Pipeline length [m] | H1: PT [bara] (PIPELINE) "C4-0.3556.ppl" | I1: Pipeline length [m] | J1: PT [bara] (PIPELINE) "C5-0.4064.ppl"
A2: 25 | B2: 124.2405 | C2: 25 | D2: 71.058502 | E2: 25 | F2: 50.77211 | G2: 25 | H2: 43.872929 | I2: 25 | J2: 40.896839
A3: 75 | B3: 123.1399 | C3: 75 | D3: 70.626106 | E3: 75 | F3: 50.619011 | G3: 75 | H3: 43.804459 | I3: 75 | J3: 40.863029
A4: 125 | B4: 122.4283 | C4: 125 | D4: 70.368698 | E4: 125 | F4: 50.55492 | G4: 125 | H4: 43.785969 | I4: 125 | J4: 40.86113
A5: 175 | B5: 121.7168 | C5: 175 | D5: 70.111023 | E5: 175 | F5: 50.490841 | G5: 175 | H5: 43.767471 | I5: 175 | J5: 40.85923
A6: 225 | B6: 121.0052 | C6: 225 | D6: 69.852966 | E6: 225 | F6: 50.426731 | G6: 225 | H6: 43.748981 | I6: 225 | J6: 40.857342
A7: 275 | B7: 120.2937 | C7: 275 | D7: 69.594543 | E7: 275 | F7: 50.362591 | G7: 275 | H7: 43.730469 | I7: 275 | J7: 40.855438
A8: 325 | B8: 119.5822 | C8: 325 | D8: 69.335739 | E8: 325 | F8: 50.298409 | G8: 325 | H8: 43.71196 | I8: 325 | J8: 40.853539
A9: 375 | B9: 118.8707 | C9: 375 | D9: 69.076553 | E9: 375 | F9: 50.234211 | G9: 375 | H9: 43.693439 | I9: 375 | J9: 40.85165
A10: 425 | B10: 118.1592 | C10: 425 | D10: 68.816971 | E10: 425 | F10: 50.169971 | G10: 425 | H10: 43.674911 | I10: 425 | J10: 40.849751
A11: 475 | B11: 117.4477 | C11: 475 | D11: 68.557007 | E11: 475 | F11: 50.105701 | G11: 475 | H11: 43.65638 | I11: 475 | J11: 40.847851
A12: 525 | B12: 116.7363 | C12: 525 | D12: 68.296654 | E12: 525 | F12: 50.041401 | G12: 525 | H12: 43.63784 | I12: 525 | J12: 40.845959
A13: 575 | B13: 116.0248 | C13: 575 | D13: 68.035889 | E13: 575 | F13: 49.97707 | G13: 575 | H13: 43.619301 | I13: 575 | J13: 40.844059
... A122: 5205 | B122: 33.127491 | C122: 5205 | D122: 33.038929 | E122: 5205 | F122: 33.014702 | G122: 5205 | H122: 33.026161 | I122: 5205 | J122: 33.001419

Sheet Year 8
A1: Pipeline length [m] | B1: PT [bara] (PIPELINE) "C1-0.2032.ppl" | C1: Pipeline length [m] | D1: PT [bara] (PIPELINE) "C2-0.254.ppl" | E1: Pipeline length [m] | F1: PT [bara] (PIPELINE) "C3-0.3048.ppl" | G1: Pipeline length [m] | H1: PT [bara] (PIPELINE) "C4-0.3556.ppl" | I1: Pipeline length [m] | J1: PT [bara] (PIPELINE) "C5-0.4064.ppl"
A2: 25 | B2: 123.5887 | C2: 25 | D2: 70.710587 | E2: 25 | F2: 50.695869 | G2: 25 | H2: 43.875198 | I2: 25 | J2: 40.96806
A3: 75 | B3: 122.4875 | C3: 75 | D3: 70.281181 | E3: 75 | F3: 50.54388 | G3: 75 | H3: 43.80743 | I3: 75 | J3: 40.93457
A4: 125 | B4: 121.775 | C4: 125 | D4: 70.026421 | E4: 125 | F4: 50.48048 | G4: 125 | H4: 43.789322 | I4: 125 | J4: 40.932861
A5: 175 | B5: 121.0624 | C5: 175 | D5: 69.771408 | E5: 175 | F5: 50.417091 | G5: 175 | H5: 43.77121 | I5: 175 | J5: 40.931149
A6: 225 | B6: 120.3499 | C6: 225 | D6: 69.516037 | E6: 225 | F6: 50.353661 | G6: 225 | H6: 43.75309 | I6: 225 | J6: 40.929451
A7: 275 | B7: 119.6373 | C7: 275 | D7: 69.260307 | E7: 275 | F7: 50.290211 | G7: 275 | H7: 43.734982 | I7: 275 | J7: 40.92775
A8: 325 | B8: 118.9248 | C8: 325 | D8: 69.004219 | E8: 325 | F8: 50.226719 | G8: 325 | H8: 43.716862 | I8: 325 | J8: 40.926041
A9: 375 | B9: 118.2124 | C9: 375 | D9: 68.747772 | E9: 375 | F9: 50.163212 | G9: 375 | H9: 43.69873 | I9: 375 | J9: 40.924339
A10: 425 | B10: 117.4999 | C10: 425 | D10: 68.490952 | E10: 425 | F10: 50.099659 | G10: 425 | H10: 43.680599 | I10: 425 | J10: 40.92263
A11: 475 | B11: 116.7874 | C11: 475 | D11: 68.233749 | E11: 475 | F11: 50.036091 | G11: 475 | H11: 43.662472 | I11: 475 | J11: 40.920929
A12: 525 | B12: 116.075 | C12: 525 | D12: 67.976181 | E12: 525 | F12: 49.972488 | G12: 525 | H12: 43.644329 | I12: 525 | J12: 40.919231
A13: 575 | B13: 115.3626 | C13: 575 | D13: 67.718224 | E13: 575 | F13: 49.908852 | G13: 575 | H13: 43.62619 | I13: 575 | J13: 40.91753
... A122: 5205 | B122: 33.12431 | C122: 5205 | D122: 33.037868 | E122: 5205 | F122: 33.015339 | G122: 5205 | H122: 33.026482 | I122: 5205 | J122: 33.001572

Sheet Year 9
A1: Pipeline length [m] | B1: PT [bara] (PIPELINE) "C1-0.2032.ppl" | C1: Pipeline length [m] | D1: PT [bara] (PIPELINE) "C2-0.254.ppl" | E1: Pipeline length [m] | F1: PT [bara] (PIPELINE) "C3-0.3048.ppl" | G1: Pipeline length [m] | H1: PT [bara] (PIPELINE) "C4-0.3556.ppl" | I1: Pipeline length [m] | J1: PT [bara] (PIPELINE) "C5-0.4064.ppl"
A2: 25 | B2: 123.1858 | C2: 25 | D2: 70.559952 | E2: 25 | F2: 50.663448 | G2: 25 | H2: 43.868839 | I2: 25 | J2: 41.000141
A3: 75 | B3: 122.0843 | C3: 75 | D3: 70.131859 | E3: 75 | F3: 50.51194 | G3: 75 | H3: 43.801369 | I3: 75 | J3: 40.96677
A4: 125 | B4: 121.3711 | C4: 125 | D4: 69.878273 | E4: 125 | F4: 50.448841 | G4: 125 | H4: 43.783421 | I4: 125 | J4: 40.965149
A5: 175 | B5: 120.658 | C5: 175 | D5: 69.624443 | E5: 175 | F5: 50.385738 | G5: 175 | H5: 43.765469 | I5: 175 | J5: 40.96352
A6: 225 | B6: 119.945 | C6: 225 | D6: 69.370262 | E6: 225 | F6: 50.322609 | G6: 225 | H6: 43.74752 | I6: 225 | J6: 40.961899
A7: 275 | B7: 119.2319 | C7: 275 | D7: 69.11573 | E7: 275 | F7: 50.25946 | G7: 275 | H7: 43.729568 | I7: 275 | J7: 40.960281
A8: 325 | B8: 118.5189 | C8: 325 | D8: 68.86084 | E8: 325 | F8: 50.19627 | G8: 325 | H8: 43.711609 | I8: 325 | J8: 40.958649
A9: 375 | B9: 117.8059 | C9: 375 | D9: 68.605591 | E9: 375 | F9: 50.13306 | G9: 375 | H9: 43.693649 | I9: 375 | J9: 40.957031
A10: 425 | B10: 117.0929 | C10: 425 | D10: 68.349983 | E10: 425 | F10: 50.06982 | G10: 425 | H10: 43.675678 | I10: 425 | J10: 40.95541
A11: 475 | B11: 116.3799 | C11: 475 | D11: 68.094009 | E11: 475 | F11: 50.00655 | G11: 475 | H11: 43.657711 | I11: 475 | J11: 40.953789
A12: 525 | B12: 115.6669 | C12: 525 | D12: 67.837669 | E12: 525 | F12: 49.943249 | G12: 525 | H12: 43.63974 | I12: 525 | J12: 40.952171
A13: 575 | B13: 114.954 | C13: 575 | D13: 67.580963 | E13: 575 | F13: 49.879921 | G13: 575 | H13: 43.621761 | I13: 575 | J13: 40.950539
... A122: 5205 | B122: 33.12299 | C122: 5205 | D122: 33.03743 | E122: 5205 | F122: 33.015621 | G122: 5205 | H122: 33.026611 | I122: 5205 | J122: 33.001549

Sheet Year 10
A1: Pipeline length [m] | B1: PT [bara] (PIPELINE) "C1-0.2032.ppl" | C1: Pipeline length [m] | D1: PT [bara] (PIPELINE) "C2-0.254.ppl" | E1: Pipeline length [m] | F1: PT [bara] (PIPELINE) "C3-0.3048.ppl" | G1: Pipeline length [m] | H1: PT [bara] (PIPELINE) "C4-0.3556.ppl" | I1: Pipeline length [m] | J1: PT [bara] (PIPELINE) "C5-0.4064.ppl"
A2: 25 | B2: 120.8463 | C2: 25 | D2: 69.570602 | E2: 25 | F2: 50.30508 | G2: 25 | H2: 43.598839 | I2: 25 | J2: 40.94474
A3: 75 | B3: 119.7829 | C3: 75 | D3: 69.156609 | E3: 75 | F3: 50.158909 | G3: 75 | H3: 43.534031 | I3: 75 | J3: 40.91243
A4: 125 | B4: 119.095 | C4: 125 | D4: 68.91143 | E4: 125 | F4: 50.098339 | G4: 125 | H4: 43.517208 | I4: 125 | J4: 40.911098
A5: 175 | B5: 118.4071 | C5: 175 | D5: 68.666023 | E5: 175 | F5: 50.037769 | G5: 175 | H5: 43.500389 | I5: 175 | J5: 40.90976
A6: 225 | B6: 117.7193 | C6: 225 | D6: 68.420258 | E6: 225 | F6: 49.977169 | G6: 225 | H6: 43.48357 | I6: 225 | J6: 40.908428
A7: 275 | B7: 117.0314 | C7: 275 | D7: 68.174171 | E7: 275 | F7: 49.916538 | G7: 275 | H7: 43.466751 | I7: 275 | J7: 40.907101
A8: 325 | B8: 116.3436 | C8: 325 | D8: 67.927727 | E8: 325 | F8: 49.855888 | G8: 325 | H8: 43.449921 | I8: 325 | J8: 40.905762
A9: 375 | B9: 115.6558 | C9: 375 | D9: 67.680939 | E9: 375 | F9: 49.795212 | G9: 375 | H9: 43.43309 | I9: 375 | J9: 40.90443
A10: 425 | B10: 114.968 | C10: 425 | D10: 67.4338 | E10: 425 | F10: 49.734501 | G10: 425 | H10: 43.416248 | I10: 425 | J10: 40.903099
A11: 475 | B11: 114.2801 | C11: 475 | D11: 67.186302 | E11: 475 | F11: 49.673771 | G11: 475 | H11: 43.39941 | I11: 475 | J11: 40.901772
A12: 525 | B12: 113.5923 | C12: 525 | D12: 66.938454 | E12: 525 | F12: 49.61301 | G12: 525 | H12: 43.382568 | I12: 525 | J12: 40.90044
A13: 575 | B13: 112.9361 | C13: 575 | D13: 66.690239 | E13: 575 | F13: 49.552212 | G13: 575 | H13: 43.365719 | I13: 575 | J13: 40.899109
... A122: 5205 | B122: 33.119549 | C122: 5205 | D122: 33.036221 | E122: 5205 | F122: 33.016102 | G122: 5205 | H122: 33.02644 | I122: 5205 | J122: 33.001518

Sheet Inlet Pressure
A1: Field life (years) | B1: Total Flowrate (sbbl/d) | C1: Water Cut (%) | D1: Inlet Pressure (bara) for 8-in Diameter | E1: Inlet Pressure (bara) for 10-in Diameter | F1: Inlet Pressure (bara) for 12-in Diameter | G1: Inlet Pressure (bara) for 14-in Diameter | H1: Inlet Pressure (bara) for 16-in Diameter
A2: 1 | B2: 30000 | C2: 0 | D2: ='Year 1'!B2 -> 143.7314 | E2: ='Year 1'!$D$2 -> 86.110893 | F2: ='Year 1'!$F$2 -> 56.340408 | G2: ='Year 1'!$H$2 -> 45.188061 | H2: ='Year 1'!$J$2 -> 40.927769
A3: 2 | B3: 30000 | C3: 5 | D3: ='Year 2'!$B$2 -> 143.9248 | E3: ='Year 2'!$D$2 -> 86.358421 | F3: ='Year 2'!$F$2 -> 56.400681 | G3: ='Year 2'!$H$2 -> 45.096951 | H3: ='Year 2'!$J$2 -> 40.952179
A4: 3 | B4: 28500 | C4: 25 | D4: ='Year 3'!$B$2 -> 142.6834 | E4: ='Year 3'!$D$2 -> 86.490211 | F4: ='Year 3'!$F$2 -> 55.789139 | G4: ='Year 3'!$H$2 -> 44.722721 | H4: ='Year 3'!$J$2 -> 40.97826
A5: 4 | B5: 28500 | C5: 50 | D5: ='Year 4'!$B$2 -> 144.2061 | E5: ='Year 4'!$D$2 -> 88.37458 | F5: ='Year 4'!$F$2 -> 53.87289 | G5: ='Year 4'!$H$2 -> 44.314461 | H5: ='Year 4'!$J$2 -> 41.144539
A6: 5 | B6: 27000 | C6: 65 | D6: ='Year 5'!$B$2 -> 128.6765 | E6: ='Year 5'!$D$2 -> 72.920319 | F6: ='Year 5'!$F$2 -> 51.964481 | G6: ='Year 5'!$H$2 -> 43.996819 | H6: ='Year 5'!$J$2 -> 41.02483
A7: 6 | B7: 27000 | C7: 75 | D7: ='Year 6'!$B$2 -> 127.4166 | E7: ='Year 6'!$D$2 -> 72.408607 | F7: ='Year 6'!$F$2 -> 51.543209 | G7: ='Year 6'!$H$2 -> 44.005199 | H7: ='Year 6'!$J$2 -> 40.850498
A8: 7 | B8: 25500 | C8: 85 | D8: ='Year 7'!$B$2 -> 124.2405 | E8: ='Year 7'!$D$2 -> 71.058502 | F8: ='Year 7'!$F$2 -> 50.77211 | G8: ='Year 7'!$H$2 -> 43.872929 | H8: ='Year 7'!$J$2 -> 40.896839
A9: 8 | B9: 25500 | C9: 92 | D9: ='Year 8'!$B$2 -> 123.5887 | E9: ='Year 8'!$D$2 -> 70.710587 | F9: ='Year 8'!$F$2 -> 50.695869 | G9: ='Year 8'!$H$2 -> 43.875198 | H9: ='Year 8'!$J$2 -> 40.96806
A10: 9 | B10: 25500 | C10: 95 | D10: ='Year 9'!$B$2 -> 123.1858 | E10: ='Year 9'!$D$2 -> 70.559952 | F10: ='Year 9'!$F$2 -> 50.663448 | G10: ='Year 9'!$H$2 -> 43.868839 | H10: ='Year 9'!$J$2 -> 41.000141
A11: 10 | B11: 23700 | C11: 96.2 | D11: ='Year 10'!$B$2 -> 120.8463 | E11: ='Year 10'!$D$2 -> 69.570602 | F11: ='Year 10'!$F$2 -> 50.30508 | G11: ='Year 10'!$H$2 -> 43.598839 | H11: ='Year 10'!$J$2 -> 40.94474

Sheet Pressure Gradient Exclude Riser
A1: Field life (years) | B1: Total Flowrate (sbbl/d) | C1: Water Cut (%) | D1: Pressure Gradient for 8 in Diameter | E1: Pressure Gradient for 10 in Diameter | F1: Pressure Gradient for 12 in Diameter | G1: Pressure Gradient for 14 in Diameter | H1: Pressure Gradient for 16 in Diameter
A2: 1 | B2: 30000 | C2: 0 | D2: =(('Inlet Pressure'!D2-'Year 1'!$B$101)*10^5)/4975 -> 1925.8159 | E2: =(('Inlet Pressure'!E2-'Year 1'!$D$101)*10^5)/4975 -> 884.65314 | F2: =(('Inlet Pressure'!F2-'Year 1'!$F$101)*10^5)/4975 -> 325.99858 | G2: =(('Inlet Pressure'!G2-'Year 1'!$H$101)*10^5)/4975 -> 115.75724 | H2: =(('Inlet Pressure'!H2-'Year 1'!$J$101)*10^5)/4975 -> 35.54048
A3: 2 | B3: 30000 | C3: 5 | D3: =(('Inlet Pressure'!D3-'Year 2'!$B$101)*10^5)/4975 -> 1928.2544 | E3: =(('Inlet Pressure'!E3-'Year 2'!$D$101)*10^5)/4975 -> 888.62457 | F3: =(('Inlet Pressure'!F3-'Year 2'!$F$101)*10^5)/4975 -> 326.14274 | G3: =(('Inlet Pressure'!G3-'Year 2'!$H$101)*10^5)/4975 -> 112.90798 | H3: =(('Inlet Pressure'!H3-'Year 2'!$J$101)*10^5)/4975 -> 34.972224
A4: 3 | B4: 28500 | C4: 25 | D4: =(('Inlet Pressure'!D4-'Year 3'!$B$101)*10^5)/4975 -> 1900.1619 | E4: =(('Inlet Pressure'!E4-'Year 3'!$D$101)*10^5)/4975 -> 887.93991 | F4: =(('Inlet Pressure'!F4-'Year 3'!$F$101)*10^5)/4975 -> 309.38874 | G4: =(('Inlet Pressure'!G4-'Year 3'!$H$101)*10^5)/4975 -> 101.56281 | H4: =(('Inlet Pressure'!H4-'Year 3'!$J$101)*10^5)/4975 -> 31.106153
A5: 4 | B5: 28500 | C5: 50 | D5: =(('Inlet Pressure'!D5-'Year 4'!$B$101)*10^5)/4975 -> 1920.6689 | E5: =(('Inlet Pressure'!E5-'Year 4'!$D$101)*10^5)/4975 -> 918.90168 | F5: =(('Inlet Pressure'!F5-'Year 4'!$F$101)*10^5)/4975 -> 264.35476 | G5: =(('Inlet Pressure'!G5-'Year 4'!$H$101)*10^5)/4975 -> 87.361015 | H5: =(('Inlet Pressure'!H5-'Year 4'!$J$101)*10^5)/4975 -> 28.392543
A6: 5 | B6: 27000 | C6: 65 | D6: =(('Inlet Pressure'!D6-'Year 5'!$B$101)*10^5)/4975 -> 1663.1329 | E6: =(('Inlet Pressure'!E6-'Year 5'!$D$101)*10^5)/4975 -> 626.77807 | F6: =(('Inlet Pressure'!F6-'Year 5'!$F$101)*10^5)/4975 -> 230.94377 | G6: =(('Inlet Pressure'!G6-'Year 5'!$H$101)*10^5)/4975 -> 79.085767 | H6: =(('Inlet Pressure'!H6-'Year 5'!$J$101)*10^5)/4975 -> 23.118599
A7: 6 | B7: 27000 | C7: 75 | D7: =(('Inlet Pressure'!D7-'Year 6'!$B$101)*10^5)/4975 -> 1639.2797 | E7: =(('Inlet Pressure'!E7-'Year 6'!$D$101)*10^5)/4975 -> 615.39992 | F7: =(('Inlet Pressure'!F7-'Year 6'!$F$101)*10^5)/4975 -> 220.32035 | G7: =(('Inlet Pressure'!G7-'Year 6'!$H$101)*10^5)/4975 -> 76.800629 | H7: =(('Inlet Pressure'!H7-'Year 6'!$J$101)*10^5)/4975 -> 17.045831
A8: 7 | B8: 25500 | C8: 85 | D8: =(('Inlet Pressure'!D8-'Year 7'!$B$101)*10^5)/4975 -> 1579.2322 | E8: =(('Inlet Pressure'!E8-'Year 7'!$D$101)*10^5)/4975 -> 588.03785 | F8: =(('Inlet Pressure'!F8-'Year 7'!$F$101)*10^5)/4975 -> 203.05162 | G8: =(('Inlet Pressure'!G8-'Year 7'!$H$101)*10^5)/4975 -> 71.887606 | H8: =(('Inlet Pressure'!H8-'Year 7'!$J$101)*10^5)/4975 -> 15.52739
A9: 8 | B9: 25500 | C9: 92 | D9: =(('Inlet Pressure'!D9-'Year 8'!$B$101)*10^5)/4975 -> 1566.6762 | E9: =(('Inlet Pressure'!E9-'Year 8'!$D$101)*10^5)/4975 -> 580.03894 | F9: =(('Inlet Pressure'!F9-'Year 8'!$F$101)*10^5)/4975 -> 199.90072 | G9: =(('Inlet Pressure'!G9-'Year 8'!$H$101)*10^5)/4975 -> 70.31273 | H9: =(('Inlet Pressure'!H9-'Year 8'!$J$101)*10^5)/4975 -> 15.095466
A10: 9 | B10: 25500 | C10: 95 | D10: =(('Inlet Pressure'!D10-'Year 9'!$B$101)*10^5)/4975 -> 1558.7706 | E10: =(('Inlet Pressure'!E10-'Year 9'!$D$101)*10^5)/4975 -> 576.55097 | F10: =(('Inlet Pressure'!F10-'Year 9'!$F$101)*10^5)/4975 -> 198.5344 | G10: =(('Inlet Pressure'!G10-'Year 9'!$H$101)*10^5)/4975 -> 69.388922 | H10: =(('Inlet Pressure'!H10-'Year 9'!$J$101)*10^5)/4975 -> 14.918035
A11: 10 | B11: 23700 | C11: 96.2 | D11: =(('Inlet Pressure'!D11-'Year 10'!$B$101)*10^5)/4975 -> 1514.9284 | E11: =(('Inlet Pressure'!E11-'Year 10'!$D$101)*10^5)/4975 -> 557.87199 | F11: =(('Inlet Pressure'!F11-'Year 10'!$F$101)*10^5)/4975 -> 191.84101 | G11: =(('Inlet Pressure'!G11-'Year 10'!$H$101)*10^5)/4975 -> 64.22892 | H11: =(('Inlet Pressure'!H11-'Year 10'!$J$101)*10^5)/4975 -> 13.971837
